appointment_id,file_number,doctor_id,date,time,status
H-7794,,D04,2026-10-09,08:00,held
H-7660,,D01,2026-10-09,08:30,held
H-7819,,D04,2026-10-09,08:30,held
H-7003,,D01,2026-10-09,09:00,held
H-7188,,D04,2026-10-09,09:00,held
H-7762,,D01,2026-10-09,09:30,held
A-5017,NFC-10017,D04,2026-10-09,09:30,booked
H-7526,,D01,2026-10-09,11:00,held
H-7368,,D04,2026-10-09,11:00,held
H-7293,,D01,2026-10-09,11:30,held
H-7212,,D04,2026-10-09,11:30,held
H-7231,,D02,2026-10-10,09:00,held
H-7717,,D03,2026-10-10,09:30,held
H-7274,,D03,2026-10-10,10:00,held
H-7529,,D02,2026-10-10,11:00,held
H-7138,,D02,2026-10-10,12:00,held
A-5028,NFC-10028,D06,2026-10-10,13:00,booked
H-7438,,D06,2026-10-10,16:00,held
H-7241,,D05,2026-10-12,08:00,held
H-7736,,D01,2026-10-12,09:00,held
H-7859,,D05,2026-10-12,09:00,held
H-7540,,D03,2026-10-12,09:30,held
H-7379,,D01,2026-10-12,10:00,held
H-7763,,D01,2026-10-12,10:30,held
H-7162,,D01,2026-10-12,11:00,held
H-7216,,D03,2026-10-12,11:00,held
H-7040,,D05,2026-10-12,11:30,held
A-5021,NFC-10021,D03,2026-10-12,13:00,booked
H-7820,,D03,2026-10-12,14:00,held
A-5002,NFC-10002,D02,2026-10-12,17:30,booked
H-7258,,D02,2026-10-12,18:00,held
H-7767,,D01,2026-10-13,08:00,held
H-7608,,D01,2026-10-13,08:30,held
A-5006,NFC-10006,D01,2026-10-13,09:00,booked
H-7167,,D03,2026-10-13,10:00,held
H-7049,,D03,2026-10-13,10:30,held
H-7071,,D01,2026-10-13,11:00,held
H-7788,,D04,2026-10-13,11:30,held
H-7502,,D04,2026-10-13,12:00,held
A-5018,NFC-10018,D04,2026-10-13,12:30,booked
H-7290,,D04,2026-10-13,13:00,held
H-7745,,D06,2026-10-13,13:00,held
H-7647,,D03,2026-10-13,13:30,held
H-7189,,D06,2026-10-13,13:30,held
H-7316,,D03,2026-10-13,14:00,held
H-7261,,D06,2026-10-13,14:30,held
H-7737,,D03,2026-10-13,15:00,held
H-7301,,D04,2026-10-13,15:00,held
H-7785,,D02,2026-10-13,15:30,held
A-5012,NFC-10012,D06,2026-10-13,15:30,booked
H-7057,,D04,2026-10-13,16:00,held
H-7722,,D06,2026-10-13,16:00,held
H-7782,,D06,2026-10-13,16:30,held
H-7063,,D06,2026-10-13,17:00,held
H-7862,,D06,2026-10-13,17:30,held
H-7710,,D06,2026-10-13,18:30,held
H-7297,,D02,2026-10-13,19:00,held
H-7101,,D06,2026-10-13,19:00,held
H-7085,,D02,2026-10-13,19:30,held
A-5020,NFC-10020,D05,2026-10-14,08:00,booked
H-7053,,D01,2026-10-14,08:30,held
A-5022,NFC-10022,D01,2026-10-14,09:00,booked
A-5001,NFC-10001,D01,2026-10-14,10:00,booked
H-7151,,D01,2026-10-14,10:30,held
H-7081,,D05,2026-10-14,11:00,held
H-7026,,D01,2026-10-14,12:30,held
H-7419,,D01,2026-10-14,13:30,held
H-7021,,D04,2026-10-14,14:00,held
H-7719,,D02,2026-10-14,15:30,held
H-7679,,D02,2026-10-14,16:00,held
H-7716,,D02,2026-10-14,16:30,held
H-7604,,D04,2026-10-14,16:30,held
H-7135,,D02,2026-10-14,18:30,held
H-7217,,D05,2026-10-15,09:00,held
H-7011,,D05,2026-10-15,09:30,held
H-7584,,D01,2026-10-15,10:00,held
H-7704,,D01,2026-10-15,11:30,held
H-7605,,D01,2026-10-15,13:00,held
H-7847,,D03,2026-10-15,13:00,held
H-7787,,D05,2026-10-15,13:00,held
H-7561,,D03,2026-10-15,13:30,held
H-7319,,D02,2026-10-15,14:00,held
H-7712,,D03,2026-10-15,14:00,held
H-7699,,D02,2026-10-15,14:30,held
H-7517,,D06,2026-10-15,14:30,held
H-7556,,D06,2026-10-15,15:30,held
H-7488,,D03,2026-10-15,16:00,held
H-7100,,D06,2026-10-15,16:00,held
H-7413,,D03,2026-10-15,16:30,held
H-7764,,D06,2026-10-15,16:30,held
H-7465,,D02,2026-10-15,17:00,held
A-5013,NFC-10013,D02,2026-10-15,17:30,booked
H-7851,,D02,2026-10-15,18:00,held
H-7234,,D06,2026-10-15,18:30,held
H-7343,,D02,2026-10-15,19:30,held
A-5033,NFC-10033,D04,2026-10-16,09:00,booked
H-7626,,D01,2026-10-16,09:30,held
H-7640,,D04,2026-10-16,10:00,held
A-5011,NFC-10011,D04,2026-10-16,11:00,booked
H-7524,,D04,2026-10-16,11:30,held
H-7824,,D02,2026-10-17,09:30,held
H-7631,,D02,2026-10-17,10:00,held
H-7644,,D03,2026-10-17,10:00,held
H-7799,,D02,2026-10-17,10:30,held
H-7606,,D03,2026-10-17,10:30,held
H-7268,,D03,2026-10-17,11:30,held
H-7183,,D03,2026-10-17,12:00,held
H-7156,,D02,2026-10-17,12:30,held
A-5009,NFC-10009,D06,2026-10-17,13:00,booked
H-7402,,D06,2026-10-17,14:30,held
H-7285,,D06,2026-10-17,15:00,held
H-7342,,D01,2026-10-19,08:00,held
H-7164,,D05,2026-10-19,08:00,held
H-7412,,D01,2026-10-19,08:30,held
H-7333,,D03,2026-10-19,09:00,held
H-7121,,D05,2026-10-19,11:00,held
H-7525,,D03,2026-10-19,12:00,held
H-7715,,D01,2026-10-19,13:00,held
H-7726,,D03,2026-10-19,13:00,held
H-7341,,D03,2026-10-19,14:00,held
H-7457,,D05,2026-10-19,14:00,held
H-7119,,D05,2026-10-19,14:30,held
A-5003,NFC-10003,D03,2026-10-19,16:30,booked
H-7311,,D02,2026-10-19,17:30,held
H-7776,,D02,2026-10-19,18:30,held
H-7345,,D01,2026-10-20,08:30,held
H-7694,,D03,2026-10-20,09:00,held
H-7635,,D01,2026-10-20,10:00,held
H-7595,,D04,2026-10-20,10:00,held
H-7641,,D03,2026-10-20,11:00,held
H-7047,,D04,2026-10-20,12:00,held
H-7630,,D03,2026-10-20,12:30,held
H-7636,,D04,2026-10-20,13:00,held
H-7430,,D01,2026-10-20,13:30,held
H-7489,,D04,2026-10-20,13:30,held
H-7079,,D04,2026-10-20,14:00,held
A-5008,NFC-10008,D02,2026-10-20,14:30,booked
H-7282,,D06,2026-10-20,14:30,held
H-7670,,D06,2026-10-20,15:00,held
H-7421,,D02,2026-10-20,16:00,held
H-7166,,D03,2026-10-20,16:30,held
H-7503,,D04,2026-10-20,17:00,held
H-7555,,D06,2026-10-20,17:00,held
H-7042,,D06,2026-10-20,17:30,held
H-7179,,D02,2026-10-20,18:00,held
H-7754,,D06,2026-10-20,18:00,held
H-7570,,D06,2026-10-20,18:30,held
H-7558,,D05,2026-10-21,08:00,held
H-7519,,D05,2026-10-21,09:30,held
H-7123,,D04,2026-10-21,10:00,held
H-7024,,D05,2026-10-21,11:00,held
H-7599,,D04,2026-10-21,13:00,held
H-7866,,D04,2026-10-21,14:00,held
A-5027,NFC-10027,D02,2026-10-21,15:00,booked
A-5023,NFC-10023,D04,2026-10-21,16:30,booked
H-7620,,D02,2026-10-21,18:00,held
H-7509,,D02,2026-10-21,19:00,held
H-7658,,D05,2026-10-22,08:30,held
H-7051,,D01,2026-10-22,09:00,held
A-5016,NFC-10016,D05,2026-10-22,09:00,booked
H-7548,,D05,2026-10-22,09:30,held
H-7222,,D05,2026-10-22,10:00,held
H-7242,,D01,2026-10-22,10:30,held
H-7392,,D03,2026-10-22,10:30,held
H-7569,,D01,2026-10-22,11:00,held
H-7254,,D05,2026-10-22,11:30,held
H-7811,,D01,2026-10-22,12:00,held
H-7795,,D03,2026-10-22,12:30,held
H-7740,,D06,2026-10-22,12:30,held
H-7505,,D03,2026-10-22,13:00,held
H-7687,,D01,2026-10-22,13:30,held
H-7792,,D06,2026-10-22,13:30,held
H-7452,,D02,2026-10-22,14:00,held
A-5036,NFC-10036,D05,2026-10-22,14:00,booked
H-7277,,D06,2026-10-22,15:30,held
H-7611,,D02,2026-10-22,16:30,held
A-5015,NFC-10015,D02,2026-10-22,17:00,booked
H-7750,,D06,2026-10-22,17:00,held
H-7276,,D02,2026-10-22,17:30,held
H-7582,,D02,2026-10-22,18:00,held
H-7816,,D06,2026-10-22,18:00,held
A-5026,NFC-10026,D02,2026-10-22,18:30,booked
H-7331,,D06,2026-10-22,18:30,held
H-7659,,D02,2026-10-22,19:00,held
H-7838,,D06,2026-10-22,19:00,held
A-5030,NFC-10030,D02,2026-10-24,11:30,booked
H-7674,,D03,2026-10-24,12:00,held
H-7046,,D02,2026-10-24,12:30,held
H-7433,,D06,2026-10-24,13:00,held
A-5010,NFC-10010,D06,2026-10-24,13:30,booked
H-7104,,D06,2026-10-24,14:00,held
H-7574,,D06,2026-10-24,15:00,held
H-7669,,D01,2026-10-26,08:00,held
H-7550,,D03,2026-10-26,09:00,held
A-5007,NFC-10007,D05,2026-10-26,09:00,booked
H-7298,,D01,2026-10-26,09:30,held
H-7158,,D05,2026-10-26,10:30,held
H-7029,,D03,2026-10-26,11:00,held
A-5014,NFC-10014,D05,2026-10-26,11:00,booked
H-7796,,D05,2026-10-26,12:30,held
H-7840,,D05,2026-10-26,14:30,held
H-7328,,D03,2026-10-26,16:00,held
H-7014,,D02,2026-10-26,16:30,held
H-7650,,D02,2026-10-26,17:00,held
H-7441,,D02,2026-10-26,17:30,held
H-7082,,D02,2026-10-26,19:30,held
H-7696,,D01,2026-10-27,08:30,held
H-7425,,D01,2026-10-27,09:00,held
H-7493,,D01,2026-10-27,09:30,held
H-7370,,D03,2026-10-27,09:30,held
H-7105,,D03,2026-10-27,10:00,held
A-5024,NFC-10024,D04,2026-10-27,11:30,booked
H-7793,,D01,2026-10-27,12:30,held
H-7134,,D04,2026-10-27,12:30,held
A-5005,NFC-10005,D06,2026-10-27,12:30,booked
H-7800,,D04,2026-10-27,13:00,held
H-7657,,D02,2026-10-27,14:00,held
H-7777,,D06,2026-10-27,14:00,held
H-7826,,D02,2026-10-27,14:30,held
A-5004,NFC-10004,D03,2026-10-27,14:30,booked
H-7163,,D02,2026-10-27,15:00,held
H-7347,,D02,2026-10-27,15:30,held
H-7344,,D06,2026-10-27,15:30,held
A-5034,NFC-10034,D02,2026-10-27,16:00,booked
H-7325,,D03,2026-10-27,16:00,held
H-7653,,D04,2026-10-27,16:00,held
H-7477,,D06,2026-10-27,16:00,held
H-7537,,D02,2026-10-27,17:00,held
H-7172,,D04,2026-10-27,17:30,held
H-7676,,D06,2026-10-27,17:30,held
H-7685,,D02,2026-10-27,18:30,held
A-5031,NFC-10031,D02,2026-10-27,19:30,booked
H-7292,,D01,2026-10-28,08:00,held
H-7336,,D01,2026-10-28,09:00,held
H-7062,,D01,2026-10-28,10:30,held
H-7303,,D05,2026-10-28,11:00,held
H-7588,,D04,2026-10-28,12:00,held
H-7038,,D05,2026-10-28,12:00,held
H-7366,,D01,2026-10-28,12:30,held
H-7478,,D04,2026-10-28,13:00,held
A-5025,NFC-10025,D04,2026-10-28,13:30,booked
H-7067,,D04,2026-10-28,14:30,held
H-7147,,D02,2026-10-28,16:00,held
H-7264,,D04,2026-10-28,16:00,held
H-7259,,D02,2026-10-28,16:30,held
H-7625,,D02,2026-10-28,18:00,held
H-7440,,D02,2026-10-28,18:30,held
A-5029,NFC-10029,D01,2026-10-29,08:30,booked
H-7600,,D05,2026-10-29,08:30,held
H-7481,,D05,2026-10-29,09:00,held
A-5032,NFC-10032,D01,2026-10-29,10:00,booked
H-7243,,D05,2026-10-29,10:00,held
H-7041,,D03,2026-10-29,11:00,held
H-7464,,D05,2026-10-29,11:00,held
A-5019,NFC-10019,D01,2026-10-29,11:30,booked
H-7766,,D01,2026-10-29,12:00,held
A-5035,NFC-10035,D03,2026-10-29,12:00,booked
H-7199,,D05,2026-10-29,12:00,held
H-7102,,D03,2026-10-29,12:30,held
H-7221,,D03,2026-10-29,13:00,held
H-7142,,D05,2026-10-29,13:00,held
H-7731,,D02,2026-10-29,14:30,held
H-7236,,D03,2026-10-29,14:30,held
H-7232,,D05,2026-10-29,14:30,held
H-7646,,D06,2026-10-29,14:30,held
H-7518,,D02,2026-10-29,15:00,held
H-7408,,D06,2026-10-29,15:00,held
H-7073,,D06,2026-10-29,15:30,held
H-7451,,D02,2026-10-29,16:30,held
H-7373,,D03,2026-10-29,16:30,held
H-7253,,D06,2026-10-29,16:30,held
H-7810,,D06,2026-10-29,17:00,held
H-7586,,D02,2026-10-29,18:00,held
H-7671,,D06,2026-10-29,18:00,held
H-7130,,D06,2026-10-29,18:30,held
H-7382,,D02,2026-10-29,19:30,held
H-7733,,D04,2026-10-30,08:30,held
H-7129,,D01,2026-10-30,10:00,held
H-7852,,D04,2026-10-30,10:00,held
H-7508,,D01,2026-10-30,10:30,held
H-7009,,D04,2026-10-30,10:30,held
H-7487,,D01,2026-10-30,11:30,held
H-7390,,D04,2026-10-30,11:30,held
H-7469,,D03,2026-10-31,10:00,held
H-7195,,D02,2026-10-31,10:30,held
H-7803,,D03,2026-10-31,10:30,held
H-7573,,D03,2026-10-31,11:00,held
H-7536,,D06,2026-10-31,16:00,held
