lab_order_id,file_number,test_name,ordered_date,status,expected_ready_date
L-3001,NFC-10011,Vitamin D,2026-10-03,ready,2026-10-06
L-3002,NFC-10012,Vitamin D,2026-10-06,processing,2026-10-09
L-3003,NFC-10013,Lipid profile,2026-10-04,ready,2026-10-07
L-3004,NFC-10014,Ferritin,2026-10-03,processing,2026-10-06
L-3005,NFC-10015,Ferritin,2026-10-03,processing,2026-10-06
L-3006,NFC-10016,HbA1c,2026-10-06,processing,2026-10-09
L-3007,NFC-10017,Lipid profile,2026-10-07,ready,2026-10-10
L-3008,NFC-10018,Lipid profile,2026-10-07,processing,2026-10-10
L-3009,NFC-10019,HbA1c,2026-10-02,ready,2026-10-05
L-3010,NFC-10020,Lipid profile,2026-10-03,processing,2026-10-06
L-3011,NFC-10021,Ferritin,2026-10-05,ready,2026-10-08
L-3012,NFC-10022,Thyroid (TSH),2026-10-06,ready,2026-10-09
L-3013,NFC-10023,Vitamin D,2026-10-03,ready,2026-10-06
L-3014,NFC-10024,HbA1c,2026-10-02,ready,2026-10-05
L-3015,NFC-10025,Ferritin,2026-10-06,ready,2026-10-09
L-3016,NFC-10026,Vitamin D,2026-10-08,ready,2026-10-11
L-3017,NFC-10027,Vitamin D,2026-10-03,ready,2026-10-06
L-3018,NFC-10028,Thyroid (TSH),2026-10-07,ready,2026-10-10
L-3019,NFC-10029,Ferritin,2026-10-06,processing,2026-10-09
L-3020,NFC-10030,Thyroid (TSH),2026-10-06,ready,2026-10-09
L-3021,NFC-10031,HbA1c,2026-10-03,ready,2026-10-06
L-3022,NFC-10032,Thyroid (TSH),2026-10-08,processing,2026-10-11
L-3023,NFC-10033,Full blood count,2026-10-07,processing,2026-10-10
L-3024,NFC-10034,Ferritin,2026-10-08,ready,2026-10-11
L-3025,NFC-10035,HbA1c,2026-10-05,ready,2026-10-08
L-3026,NFC-10036,HbA1c,2026-10-08,processing,2026-10-11
L-3027,NFC-10037,Vitamin D,2026-10-05,processing,2026-10-08
L-3028,NFC-10038,Lipid profile,2026-10-05,processing,2026-10-08
L-3029,NFC-10039,Full blood count,2026-10-06,ready,2026-10-09
L-3030,NFC-10040,Thyroid (TSH),2026-10-02,ready,2026-10-05
