file_number,full_name,date_of_birth,phone,email,language,insurer
NFC-10001,Salma Al Mansoori,2016-07-12,+971 50 000 1037,salma.almansoori@example.com,en,Oasis Care
NFC-10002,Yousef Haddad,2016-01-27,+971 50 000 1074,yousef.haddad@example.com,ar,self-pay
NFC-10003,Grace Al Ketbi,2002-12-23,+971 50 000 1111,grace.alketbi@example.com,en,Gulf Shield Health
NFC-10004,Mariam Al Ketbi,1969-08-13,+971 50 000 1148,mariam.alketbi@example.com,ar,Lotus Mutual Insurance (demo)
NFC-10005,Ravi Al Mansoori,2000-05-08,+971 50 000 1185,ravi.almansoori@example.com,ar,self-pay
NFC-10006,Grace Dubois,1969-10-11,+971 50 000 1222,grace.dubois@example.com,en,Lotus Mutual Insurance (demo)
NFC-10007,Tariq Al Mansoori,2018-01-28,+971 50 000 1259,tariq.almansoori@example.com,ar,self-pay
NFC-10008,Nicolas Bouzid,1974-12-06,+971 50 000 1296,nicolas.bouzid@example.com,ar,Oasis Care
NFC-10009,Chloé Al Nuaimi,1958-04-28,+971 50 000 1333,chloe.alnuaimi@example.com,en,Gulf Shield Health
NFC-10010,Inès Lefèvre,2004-02-29,+971 50 000 1370,ines.lefevre@example.com,en,Gulf Shield Health
NFC-10011,Antoine Walker,1961-03-14,+971 50 000 1407,antoine.walker@example.com,en,Gulf Shield Health
NFC-10012,James Benjelloun,2006-05-26,+971 50 000 1444,james.benjelloun@example.com,fr,Falcon Cover
NFC-10013,Daniel Saleh,2013-03-18,+971 50 000 1481,daniel.saleh@example.com,ar,Gulf Shield Health
NFC-10014,Yousef Benjelloun,1957-02-27,+971 50 000 1518,yousef.benjelloun@example.com,ar,Gulf Shield Health
NFC-10015,Léa El Idrissi,1990-09-05,+971 50 000 1555,lea.elidrissi@example.com,en,Oasis Care
NFC-10016,Amélie Lefèvre,1968-10-18,+971 50 000 1592,amelie.lefevre@example.com,en,self-pay
NFC-10017,Hessa Bennett,2006-12-19,+971 50 000 1629,hessa.bennett@example.com,ar,Lotus Mutual Insurance (demo)
NFC-10018,Omar Khoury,1991-06-22,+971 50 000 1666,omar.khoury@example.com,en,Falcon Cover
NFC-10019,James Rahman,2011-06-03,+971 50 000 1703,james.rahman@example.com,en,Gulf Shield Health
NFC-10020,Yousef Al Hashimi,1978-04-20,+971 50 000 1740,yousef.alhashimi@example.com,en,Falcon Cover
NFC-10021,Hessa Saleh,2000-11-19,+971 50 000 1777,hessa.saleh@example.com,en,Oasis Care
NFC-10022,Sarah Moreau,2007-09-03,+971 50 000 1814,sarah.moreau@example.com,en,Oasis Care
NFC-10023,Hamad Haddad,1972-02-16,+971 50 000 1851,hamad.haddad@example.com,fr,Lotus Mutual Insurance (demo)
NFC-10024,Hamad Qureshi,2002-06-12,+971 50 000 1888,hamad.qureshi@example.com,en,Lotus Mutual Insurance (demo)
NFC-10025,Julien Lefèvre,1969-09-04,+971 50 000 1925,julien.lefevre@example.com,ar,Lotus Mutual Insurance (demo)
NFC-10026,Sarah Al Ketbi,2017-10-21,+971 50 000 1962,sarah.alketbi@example.com,ar,Gulf Shield Health
NFC-10027,Huda Fernandes,1964-05-09,+971 50 000 1999,huda.fernandes@example.com,en,Lotus Mutual Insurance (demo)
NFC-10028,Hessa Moreau,1984-03-27,+971 50 000 2036,hessa.moreau@example.com,fr,Palm Assure
NFC-10029,Olivia El Idrissi,1999-08-20,+971 50 000 2073,olivia.elidrissi@example.com,ar,self-pay
NFC-10030,Salma Menon,1998-03-05,+971 50 000 2110,salma.menon@example.com,en,self-pay
NFC-10031,Faisal Dubois,1964-03-10,+971 50 000 2147,faisal.dubois@example.com,en,Gulf Shield Health
NFC-10032,Hamad Taylor,2018-05-11,+971 50 000 2184,hamad.taylor@example.com,ar,Lotus Mutual Insurance (demo)
NFC-10033,Yasmin Fernandes,1976-10-10,+971 50 000 2221,yasmin.fernandes@example.com,fr,Lotus Mutual Insurance (demo)
NFC-10034,Saeed Haddad,1983-07-19,+971 50 000 2258,saeed.haddad@example.com,ar,Lotus Mutual Insurance (demo)
NFC-10035,Olivia Al Mansoori,2003-09-26,+971 50 000 2295,olivia.almansoori@example.com,en,Palm Assure
NFC-10036,Mariam Al Nuaimi,1982-07-26,+971 50 000 2332,mariam.alnuaimi@example.com,en,Oasis Care
NFC-10037,Noura Rahman,2000-11-25,+971 50 000 2369,noura.rahman@example.com,ar,Gulf Shield Health
NFC-10038,Grace Haddad,1961-07-09,+971 50 000 2406,grace.haddad@example.com,en,Lotus Mutual Insurance (demo)
NFC-10039,Ahmed El Idrissi,1997-05-04,+971 50 000 2443,ahmed.elidrissi@example.com,fr,Palm Assure
NFC-10040,Rashid Walker,2017-10-04,+971 50 000 2480,rashid.walker@example.com,ar,self-pay
NFC-10041,Ali Moreau,2010-04-05,+971 50 000 2517,ali.moreau@example.com,en,Palm Assure
NFC-10042,Olivia Girard,1960-11-09,+971 50 000 2554,olivia.girard@example.com,ar,Oasis Care
NFC-10043,Hessa Bouzid,1951-11-21,+971 50 000 2591,hessa.bouzid@example.com,fr,Lotus Mutual Insurance (demo)
NFC-10044,Yousef Hughes,1969-10-04,+971 50 000 2628,yousef.hughes@example.com,ar,Gulf Shield Health
NFC-10045,Hessa Al Hashimi,1979-08-24,+971 50 000 2665,hessa.alhashimi@example.com,ar,Lotus Mutual Insurance (demo)
NFC-10046,Omar El Idrissi,2010-01-07,+971 50 000 2702,omar.elidrissi@example.com,en,Oasis Care
NFC-10047,Daniel Hughes,1992-05-28,+971 50 000 2739,daniel.hughes@example.com,ar,Palm Assure
NFC-10048,Mehdi Saleh,1958-06-18,+971 50 000 2776,mehdi.saleh@example.com,ar,self-pay
NFC-10049,Nicolas Lefèvre,1988-01-01,+971 50 000 2813,nicolas.lefevre@example.com,en,Palm Assure
NFC-10050,Noura Menon,2008-08-16,+971 50 000 2850,noura.menon@example.com,ar,Gulf Shield Health
NFC-10051,Julien Qureshi,1980-06-10,+971 50 000 2887,julien.qureshi@example.com,ar,Oasis Care
NFC-10052,Saeed Saleh,1998-02-11,+971 50 000 2924,saeed.saleh@example.com,en,Oasis Care
NFC-10053,Nicolas Khoury,1974-12-28,+971 50 000 2961,nicolas.khoury@example.com,en,Oasis Care
NFC-10054,Hessa Girard,1999-05-17,+971 50 000 2998,hessa.girard@example.com,ar,Gulf Shield Health
NFC-10055,Grace Al Mansoori,1958-05-15,+971 50 000 3035,grace.almansoori@example.com,ar,Oasis Care
NFC-10056,Mehdi Mercier,1993-03-09,+971 50 000 3072,mehdi.mercier@example.com,ar,Palm Assure
NFC-10057,Noura Khoury,1984-01-01,+971 50 000 3109,noura.khoury@example.com,ar,Palm Assure
NFC-10058,Hamad Girard,1975-08-05,+971 50 000 3146,hamad.girard@example.com,en,self-pay
NFC-10059,James Menon,2014-06-14,+971 50 000 3183,james.menon@example.com,en,Oasis Care
NFC-10060,Saeed Benjelloun,1969-07-13,+971 50 000 3220,saeed.benjelloun@example.com,ar,Lotus Mutual Insurance (demo)
